asset,episode_id,start_date,end_date,duration_days,start_close,end_close,min_close,max_close,start_rsi2,end_rsi2,min_rsi2,ret_day1_hold3_pct,ret_day2_hold3_pct,ret_day3_hold3_pct,ret_after_episode_hold3_pct
BTC,BTC_1,2024-07-11,2024-07-11,1,57350.0,57350.0,57350.0,57350.0,0.0,0.0,0.0,6.03,,,11.83
BTC,BTC_2,2024-07-18,2024-07-18,1,63960.7,63960.7,63960.7,63960.7,0.0,0.0,0.0,6.53,,,1.33
BTC,BTC_3,2024-07-23,2024-07-24,2,65900.8,65367.0,65367.0,65900.8,0.0,0.0,0.0,3.06,3.88,,3.73
BTC,BTC_4,2024-07-30,2024-07-31,2,66175.1,64638.1,64638.1,66175.1,0.0,0.0,0.0,-7.2,-6.11,,-11.02
BTC,BTC_5,2024-08-03,2024-08-05,3,60688.5,54006.5,54006.5,60688.5,0.0,0.0,0.0,-7.59,-5.18,14.25,8.52
BTC,BTC_6,2024-08-10,2024-08-11,2,60951.7,58717.7,58717.7,60951.7,9.8,3.95,3.95,-0.58,-0.04,,-3.04
BTC,BTC_7,2024-08-15,2024-08-15,1,57554.9,57554.9,57554.9,57554.9,0.0,0.0,0.0,1.58,,,1.01
BTC,BTC_8,2024-08-26,2024-08-28,3,62854.7,59025.6,59025.6,62854.7,7.25,0.0,0.0,-5.52,-0.59,-0.09,-3.48
BTC,BTC_9,2024-08-31,2024-09-01,2,58972.3,57321.2,57321.2,58972.3,0.0,0.0,0.0,-2.5,1.13,,-5.01
BTC,BTC_10,2024-09-06,2024-09-07,2,53948.3,54146.4,53948.3,54146.4,0.0,8.21,0.0,5.77,6.43,,4.55
BTC,BTC_11,2024-09-15,2024-09-16,2,59135.1,58197.2,58197.2,59135.1,0.0,0.0,0.0,4.47,8.12,,4.8
BTC,BTC_12,2024-09-30,2024-10-02,3,63338.5,60635.3,60635.3,63338.5,0.0,0.0,0.0,-4.1,2.07,2.33,3.41
BTC,BTC_13,2024-10-08,2024-10-10,3,62117.9,60279.5,60279.5,62117.9,0.0,0.0,0.0,0.62,4.34,4.24,5.64
BTC,BTC_14,2024-10-22,2024-10-23,2,67387.6,66633.4,66633.4,67387.6,0.15,0.33,0.15,-1.16,0.59,,-0.34
BTC,BTC_15,2024-10-31,2024-11-04,5,70250.1,67783.3,67783.3,70250.1,0.0,0.0,0.0,-2.14,-2.46,0.12,10.33
BTC,BTC_16,2024-11-17,2024-11-17,1,89850.0,89850.0,89850.0,89850.0,0.0,0.0,0.0,5.02,,,8.83
BTC,BTC_17,2024-11-25,2024-11-26,2,93000.0,91914.5,91914.5,93000.0,4.49,0.0,0.0,2.84,6.05,,0.52
BTC,BTC_18,2024-12-03,2024-12-03,1,95917.5,95917.5,95917.5,95917.5,4.41,4.41,4.41,4.12,,,1.16
BTC,BTC_19,2024-12-10,2024-12-10,1,96655.1,96655.1,96655.1,96655.1,0.0,0.0,0.0,5.0,,,0.22
BTC,BTC_20,2024-12-18,2024-12-19,2,100166.1,97431.4,97431.4,100166.1,1.4,0.0,0.0,-2.93,-2.39,,-3.15
BTC,BTC_21,2024-12-22,2024-12-23,2,95101.9,94699.4,94699.4,95101.9,0.0,0.0,0.0,4.43,1.0,,-4.56
BTC,BTC_22,2024-12-27,2024-12-27,1,94148.9,94148.9,94148.9,94148.9,0.0,0.0,0.0,-1.63,,,-1.93
BTC,BTC_23,2024-12-30,2024-12-30,1,92611.3,92611.3,92611.3,92611.3,0.0,0.0,0.0,4.53,,,5.08
BTC,BTC_24,2025-01-08,2025-01-09,2,95060.4,92531.7,92531.7,95060.4,0.0,0.0,0.0,-0.52,2.07,,-0.22
BTC,BTC_25,2025-01-12,2025-01-12,1,94449.9,94449.9,94449.9,94449.9,0.0,0.0,0.0,6.4,,,5.81
BTC,BTC_26,2025-01-19,2025-01-19,1,101191.1,101191.1,101191.1,101191.1,8.39,8.39,8.39,2.43,,,1.72
BTC,BTC_27,2025-01-23,2025-01-23,1,103920.2,103920.2,103920.2,103920.2,9.75,9.75,9.75,-1.27,,,-2.58
BTC,BTC_28,2025-01-26,2025-01-28,3,102596.5,101299.8,101299.8,102596.5,0.0,0.0,0.0,1.08,2.56,1.09,-2.97
BTC,BTC_29,2025-02-01,2025-02-02,2,100624.2,97696.1,97696.1,100624.2,0.0,0.0,0.0,-2.74,-1.1,,-4.8
BTC,BTC_30,2025-02-05,2025-02-09,5,96623.8,96473.0,96473.0,96623.8,0.0,0.0,0.0,-0.13,-0.09,0.93,-0.83
BTC,BTC_31,2025-02-16,2025-02-18,3,96144.1,95600.0,95600.0,96144.1,7.92,0.0,0.0,0.5,2.68,0.52,-0.03
BTC,BTC_32,2025-02-24,2025-02-26,3,91534.4,84089.8,84089.8,91534.4,0.0,0.0,0.0,-7.48,-4.88,2.3,11.33
BTC,BTC_33,2025-03-07,2025-03-10,4,86762.3,78558.8,78558.8,86762.3,0.0,0.0,0.0,-9.46,-3.79,3.71,1.32
BTC,BTC_34,2025-03-21,2025-03-22,2,84034.3,83800.0,83800.0,84034.3,0.0,0.0,0.0,4.13,4.37,,0.96
BTC,BTC_35,2025-03-26,2025-03-26,1,86899.0,86899.0,86899.0,86899.0,0.0,0.0,0.0,-4.93,,,-5.6
BTC,BTC_36,2025-03-28,2025-03-30,3,84373.9,82325.4,82325.4,84373.9,9.88,0.0,0.0,-2.19,3.13,0.22,0.74
BTC,BTC_37,2025-04-06,2025-04-06,1,78363.4,78363.4,78363.4,78363.4,0.0,0.0,0.0,5.35,,,0.53
BTC,BTC_38,2025-04-27,2025-04-27,1,93817.0,93817.0,93817.0,93817.0,0.0,0.0,0.0,0.41,,,1.55
BTC,BTC_39,2025-04-30,2025-04-30,1,94205.4,94205.4,94205.4,94205.4,0.0,0.0,0.0,1.77,,,-2.25
BTC,BTC_40,2025-05-04,2025-05-04,1,94303.1,94303.1,94303.1,94303.1,0.0,0.0,0.0,2.89,,,8.97
BTC,BTC_41,2025-05-12,2025-05-12,1,102825.0,102825.0,102825.0,102825.0,0.0,0.0,0.0,0.91,,,-0.63
BTC,BTC_42,2025-05-17,2025-05-17,1,103169.1,103169.1,103169.1,103169.1,0.0,0.0,0.0,3.57,,,2.96
BTC,BTC_43,2025-05-28,2025-05-30,3,107811.7,104019.7,104019.7,107811.7,0.0,0.0,0.0,-2.92,0.08,1.83,0.75
BTC,BTC_44,2025-06-04,2025-06-05,2,104745.4,101579.7,101579.7,104745.4,0.0,0.0,0.0,0.87,4.11,,5.66
BTC,BTC_45,2025-06-11,2025-06-12,2,108702.0,105760.1,105760.1,108702.0,0.0,0.0,0.0,-2.96,-0.17,,0.64
BTC,BTC_46,2025-06-20,2025-06-22,3,103292.0,100987.9,100987.9,103292.0,0.0,0.0,0.0,2.02,3.87,6.31,1.48
BTC,BTC_47,2025-07-01,2025-07-01,1,105700.1,105700.1,105700.1,105700.1,0.0,0.0,0.0,2.19,,,-0.55
BTC,BTC_48,2025-07-19,2025-07-20,2,117909.1,117319.1,117319.1,117909.1,0.0,0.0,0.0,1.75,1.21,,0.79
BTC,BTC_49,2025-07-24,2025-07-25,2,118386.9,117628.1,117628.1,118386.9,0.0,0.0,0.0,0.9,0.3,,-0.01
BTC,BTC_50,2025-07-29,2025-08-02,5,117923.0,112525.2,112525.2,117923.0,0.0,0.0,0.0,-3.93,-4.49,-1.33,0.69
BTC,BTC_51,2025-08-09,2025-08-09,1,116467.4,116467.4,116467.4,116467.4,0.0,0.0,0.0,3.18,,,3.41
BTC,BTC_52,2025-08-15,2025-08-16,2,117426.7,117487.5,117426.7,117487.5,0.0,5.98,0.0,-0.99,-3.96,,-2.71
BTC,BTC_53,2025-08-18,2025-08-19,2,116260.0,112830.3,112830.3,116260.0,0.0,0.0,0.0,-3.27,3.53,,0.95
BTC,BTC_54,2025-08-24,2025-08-25,2,113456.1,110144.9,110144.9,113456.1,0.0,0.0,0.0,-1.93,2.2,,-3.07
BTC,BTC_55,2025-08-30,2025-08-30,1,108750.0,108750.0,108750.0,108750.0,7.75,7.75,7.75,2.25,,,3.25
BTC,BTC_56,2025-09-05,2025-09-06,2,110647.8,110254.9,110254.9,110647.8,0.0,0.0,0.0,1.27,1.17,,2.52
BTC,BTC_57,2025-09-14,2025-09-15,2,115390.6,115374.9,115374.9,115390.6,0.0,0.0,0.0,0.93,1.53,,-0.93
BTC,BTC_58,2025-09-20,2025-09-20,1,115739.1,115739.1,115739.1,115739.1,4.07,4.07,4.07,-3.23,,,-1.73
BTC,BTC_59,2025-09-22,2025-09-23,2,112747.8,112001.5,112001.5,112747.8,0.0,0.0,0.0,-3.28,-2.05,,-3.16
BTC,BTC_60,2025-10-10,2025-10-11,2,113000.1,110775.1,110775.1,113000.1,0.0,0.0,0.0,1.92,2.1,,-3.77
BTC,BTC_61,2025-10-14,2025-10-17,4,113106.2,106451.0,106451.0,113106.2,1.91,0.0,0.0,-5.88,-3.23,0.45,1.13
BTC,BTC_62,2025-10-22,2025-10-22,1,107644.1,107644.1,107644.1,107644.1,0.0,0.0,0.0,3.72,,,4.02
BTC,BTC_63,2025-10-28,2025-10-30,3,112918.0,108302.7,108302.7,112918.0,0.0,0.0,0.0,-2.98,-0.08,2.11,-2.75
BTC,BTC_64,2025-11-04,2025-11-04,1,101537.3,101537.3,101537.3,101537.3,0.0,0.0,0.0,1.72,,,-1.56
BTC,BTC_65,2025-11-12,2025-11-14,3,101666.6,94517.3,94517.3,101666.6,0.0,0.0,0.0,-6.03,-5.51,-2.56,-2.69
BTC,BTC_66,2025-11-17,2025-11-17,1,92101.3,92101.3,92101.3,92101.3,0.0,0.0,0.0,-6.08,,,-8.49
BTC,BTC_67,2025-11-20,2025-11-22,3,86503.0,84679.9,84679.9,86503.0,0.0,0.0,0.0,0.32,3.77,3.13,4.33
BTC,BTC_68,2025-11-29,2025-12-01,3,90833.6,86300.0,86300.0,90833.6,0.0,0.0,0.0,0.53,3.41,6.77,-2.17
BTC,BTC_69,2025-12-05,2025-12-06,2,89332.4,89240.1,89240.1,89332.4,0.0,0.0,0.0,1.48,3.88,,1.75
BTC,BTC_70,2025-12-13,2025-12-15,3,90254.1,86434.3,86434.3,90254.1,0.0,0.0,0.0,-2.67,-2.22,-1.12,0.3
BTC,BTC_71,2025-12-18,2025-12-18,1,85462.5,85462.5,85462.5,85462.5,0.0,0.0,0.0,3.7,,,0.5
BTC,BTC_72,2025-12-23,2025-12-23,1,87416.4,87416.4,87416.4,87416.4,0.0,0.0,0.0,-0.13,,,0.22
BTC,BTC_73,2025-12-29,2025-12-29,1,87135.1,87135.1,87135.1,87135.1,6.59,6.59,6.59,1.83,,,1.73
BTC,BTC_74,2026-01-07,2026-01-10,4,91273.3,90375.2,90375.2,91273.3,0.0,0.0,0.0,-0.98,-0.2,0.75,6.7
BTC,BTC_75,2026-01-16,2026-01-20,5,95510.9,88309.9,88309.9,95510.9,0.0,0.0,0.0,-3.1,-7.13,-4.55,-0.33
BTC,BTC_76,2026-01-24,2026-01-25,2,89079.6,86572.3,86572.3,89079.6,8.94,0.0,0.0,0.05,2.99,,-4.23
BTC,BTC_77,2026-01-29,2026-02-01,4,84515.1,76882.2,76882.2,84515.1,0.76,0.0,0.0,-9.03,-6.49,-3.8,-20.1
BTC,BTC_78,2026-02-04,2026-02-05,2,73013.6,62858.1,62858.1,73013.6,0.0,0.0,0.0,-5.13,11.85,,-0.62
BTC,BTC_79,2026-02-10,2026-02-12,3,68785.5,66203.8,66203.8,68785.5,0.0,0.0,0.0,0.07,4.04,3.89,0.03
BTC,BTC_80,2026-02-16,2026-02-18,3,68860.0,66425.7,66425.7,68860.0,7.56,0.0,0.0,-2.77,0.77,2.32,0.98
BTC,BTC_81,2026-02-22,2026-02-24,3,67612.1,64061.9,64061.9,67612.1,0.0,0.0,0.0,0.54,4.39,2.82,-1.46
BTC,BTC_82,2026-02-27,2026-02-27,1,65869.7,65869.7,65869.7,65869.7,0.0,0.0,0.0,4.46,,,2.02
BTC,BTC_83,2026-03-06,2026-03-08,3,68128.0,65978.7,65978.7,68128.0,0.0,0.0,0.0,0.47,3.99,6.4,3.03
BTC,BTC_84,2026-03-18,2026-03-19,2,71270.9,69911.9,69911.9,71270.9,0.0,0.0,0.0,-3.32,-2.94,,0.53
BTC,BTC_85,2026-03-22,2026-03-22,1,67857.1,67857.1,67857.1,67857.1,0.0,0.0,0.0,5.09,,,-2.97
BTC,BTC_86,2026-03-27,2026-03-29,3,66358.3,65950.3,65950.3,66358.3,0.0,0.0,0.0,0.55,2.86,3.26,0.23
BTC,BTC_87,2026-04-02,2026-04-03,2,66880.8,66933.0,66880.8,66933.0,0.0,4.11,0.0,3.14,2.88,,6.9
BTC,BTC_88,2026-04-12,2026-04-12,1,70754.1,70754.1,70754.1,70754.1,3.63,3.63,3.63,5.73,,,0.97
BTC,BTC_89,2026-04-19,2026-04-19,1,73827.6,73827.6,73827.6,73827.6,0.0,0.0,0.0,5.93,,,3.21
BTC,BTC_90,2026-04-24,2026-04-24,1,77455.0,77455.0,77455.0,77455.0,8.76,8.76,8.76,-0.1,,,-1.7
BTC,BTC_91,2026-04-28,2026-04-29,2,76331.9,75750.3,75750.3,76331.9,0.0,0.0,0.0,2.49,3.84,,2.93
BTC,BTC_92,2026-05-12,2026-05-13,2,80492.3,79292.1,79292.1,80492.3,0.0,0.0,0.0,-1.78,-1.47,,-4.51
BTC,BTC_93,2026-05-16,2026-05-19,4,78122.8,76756.3,76756.3,78122.8,0.0,0.0,0.0,-1.75,0.09,0.78,-1.04
BTC,BTC_94,2026-05-22,2026-05-22,1,75456.5,75456.5,75456.5,75456.5,3.25,3.25,3.25,2.4,,,-1.1
BTC,BTC_95,2026-05-27,2026-05-29,3,74337.1,73370.7,73370.7,74337.1,0.0,0.0,0.0,-0.78,0.07,-2.8,-9.6
BTC,BTC_96,2026-06-01,2026-06-06,6,71317.5,60855.7,60855.7,71317.5,0.0,0.0,0.0,-10.52,-8.45,-4.97,-2.91
BTC,BTC_97,2026-06-09,2026-06-10,2,61690.4,61464.4,61464.4,61690.4,0.0,0.0,0.0,3.0,4.78,,3.4
BTC,BTC_98,2026-06-17,2026-06-18,2,64454.8,62885.6,62885.6,64454.8,0.0,0.0,0.0,-0.32,0.55,,0.74
BTC,BTC_99,2026-06-24,2026-06-25,2,60980.8,59707.1,59707.1,60980.8,0.0,0.0,0.0,-1.23,0.88,,0.37
SPY,SPY_1,2025-08-25,2025-08-27,3,639.26,638.83,638.83,639.26,0.0,0.0,0.0,0.54,0.61,-0.87,-0.9
SPY,SPY_2,2025-09-02,2025-09-02,1,633.3,633.3,633.3,633.3,0.0,0.0,0.0,1.69,,,1.11
SPY,SPY_3,2025-09-06,2025-09-06,1,643.99,643.99,643.99,643.99,0.0,0.0,0.0,1.0,,,1.27
SPY,SPY_4,2025-09-24,2025-09-25,2,659.42,652.56,652.56,659.42,0.0,0.0,0.0,0.09,1.29,,0.41
SPY,SPY_5,2025-10-10,2025-10-11,2,650.62,650.62,650.62,650.62,0.0,0.0,0.0,1.44,2.13,,-0.27
SPY,SPY_6,2025-10-22,2025-10-22,1,660.81,660.81,660.81,660.81,0.0,0.0,0.0,2.42,,,2.0
SPY,SPY_7,2025-11-01,2025-11-01,1,674.44,674.44,674.44,674.44,0.0,0.0,0.0,1.56,,,-1.05
SPY,SPY_8,2025-11-16,2025-11-16,1,657.88,657.88,657.88,657.88,0.0,0.0,0.0,3.6,,,-0.14
SPY,SPY_9,2025-11-23,2025-11-24,2,672.89,667.57,667.57,672.89,0.0,0.0,0.0,0.46,1.84,,1.22
SPY,SPY_10,2025-12-01,2025-12-01,1,677.08,677.08,677.08,677.08,0.0,0.0,0.0,0.77,,,0.92
SPY,SPY_11,2025-12-07,2025-12-09,3,683.71,678.57,678.57,683.71,0.0,0.0,0.0,-0.26,0.59,-0.18,0.34
SPY,SPY_12,2025-12-15,2025-12-17,3,677.04,669.02,669.02,677.04,0.0,0.0,0.0,-0.67,0.58,1.87,1.35
SPY,SPY_13,2025-12-29,2026-01-01,4,684.54,679.05,679.05,684.54,0.0,0.0,0.0,-0.8,-0.74,0.76,0.83
SPY,SPY_14,2026-01-13,2026-01-14,2,690.56,686.37,686.37,690.56,0.0,0.0,0.0,-0.23,-0.94,,0.31
SPY,SPY_15,2026-01-17,2026-01-17,1,679.9,679.9,679.9,679.9,0.0,0.0,0.0,-0.78,,,-1.27
SPY,SPY_16,2026-01-20,2026-01-20,1,674.58,674.58,674.58,674.58,0.0,0.0,0.0,1.48,,,-0.17
SPY,SPY_17,2026-01-24,2026-01-25,2,681.77,681.77,681.77,681.77,0.0,0.0,0.0,1.57,1.49,,0.06
SPY,SPY_18,2026-01-29,2026-01-31,3,690.3,686.24,686.24,690.3,0.0,0.0,0.0,0.18,1.18,0.31,-0.97
SPY,SPY_19,2026-02-04,2026-02-05,2,684.83,672.8,672.8,684.83,0.0,0.0,0.0,1.34,3.16,,0.59
SPY,SPY_20,2026-02-09,2026-02-13,5,693.38,677.78,677.78,693.38,0.0,0.0,0.0,-1.71,-2.15,-1.12,0.08
SPY,SPY_21,2026-02-22,2026-02-23,2,681.19,681.21,681.19,681.21,0.0,0.47,0.0,1.32,0.57,,-0.32
SPY,SPY_22,2026-02-27,2026-03-01,3,682.6,677.29,677.29,682.6,0.0,0.0,0.0,0.03,-0.34,1.14,-0.62
SPY,SPY_23,2026-03-06,2026-03-08,3,668.56,663.52,663.52,668.57,0.0,0.2,0.0,0.84,1.11,1.27,-1.47
SPY,SPY_24,2026-03-12,2026-03-13,2,664.26,661.4,661.4,664.26,0.0,0.0,0.0,0.94,0.8,,-0.06
SPY,SPY_25,2026-03-19,2026-03-20,2,660.3,651.47,651.47,660.3,6.7,7.15,6.7,-2.45,0.54,,0.34
SPY,SPY_26,2026-03-26,2026-03-27,2,646.17,630.14,630.14,646.17,0.0,0.0,0.0,-2.56,-0.33,,2.43
SPY,SPY_27,2026-03-30,2026-03-30,1,628.07,628.07,628.07,628.07,0.0,0.0,0.0,4.19,,,0.85
SPY,SPY_28,2026-05-04,2026-05-04,1,716.3,716.3,716.3,716.3,0.0,0.0,0.0,1.66,,,1.56
SPY,SPY_29,2026-05-16,2026-05-16,1,730.42,730.42,730.42,730.42,0.0,0.0,0.0,0.43,,,-0.21
SPY,SPY_30,2026-05-19,2026-05-19,1,733.56,733.56,733.56,733.56,0.0,0.0,0.0,1.36,,,2.51
SPY,SPY_31,2026-06-06,2026-06-06,1,732.84,732.84,732.84,732.84,0.0,0.0,0.0,0.16,,,-1.71
SPY,SPY_32,2026-06-10,2026-06-10,1,722.14,722.14,722.14,722.14,0.0,0.0,0.0,2.75,,,0.26
SPY,SPY_33,2026-06-17,2026-06-17,1,744.11,744.11,744.11,744.11,0.0,0.0,0.0,0.28,,,-0.67
SPY,SPY_34,2026-06-21,2026-06-21,1,741.86,741.86,741.86,741.86,0.0,0.0,0.0,-0.61,,,-1.32
SPY,SPY_35,2026-06-26,2026-06-27,2,731.36,731.53,731.36,731.53,0.0,6.64,0.0,0.02,0.0,,0.0
QQQ,QQQ_1,2025-09-17,2025-09-17,1,590.22,590.22,590.22,590.22,4.07,4.07,4.07,1.52,,,1.44
QQQ,QQQ_2,2025-09-24,2025-09-25,2,596.26,593.45,593.45,596.26,0.0,0.0,0.0,-0.03,0.33,,0.46
QQQ,QQQ_3,2025-09-29,2025-09-29,1,595.4,595.4,595.4,595.4,0.0,0.0,0.0,1.71,,,0.63
QQQ,QQQ_4,2025-10-04,2025-10-04,1,602.61,602.61,602.61,602.61,0.0,0.0,0.0,1.4,,,0.31
QQQ,QQQ_5,2025-10-10,2025-10-11,2,584.43,584.43,584.43,584.43,0.0,0.0,0.0,1.93,3.03,,-0.45
QQQ,QQQ_6,2025-10-22,2025-10-22,1,607.34,607.34,607.34,607.34,0.0,0.0,0.0,1.91,,,2.79
QQQ,QQQ_7,2025-10-31,2025-11-01,2,630.6,630.6,630.6,630.6,0.0,0.0,0.0,-1.33,0.07,,-2.38
QQQ,QQQ_8,2025-11-10,2025-11-11,2,622.33,605.07,605.07,622.33,0.0,0.0,0.0,0.09,2.95,,-5.2
QQQ,QQQ_9,2025-11-14,2025-11-17,2,622.91,600.49,600.49,622.91,0.0,0.0,0.0,-2.55,-1.64,,-2.32
QQQ,QQQ_10,2025-11-21,2025-11-21,1,590.67,590.67,590.67,590.67,0.18,0.18,0.18,3.01,,,4.06
QQQ,QQQ_11,2025-12-01,2025-12-01,1,614.55,614.55,614.55,614.55,0.0,0.0,0.0,1.33,,,0.55
QQQ,QQQ_12,2025-12-08,2025-12-08,1,622.7,622.7,622.7,622.7,0.0,0.0,0.0,-0.1,,,-1.78
QQQ,QQQ_13,2025-12-11,2025-12-12,2,622.1,613.15,613.15,622.1,0.0,0.0,0.0,-1.07,-0.73,,-1.01
QQQ,QQQ_14,2025-12-15,2025-12-17,3,608.69,601.2,601.2,609.23,0.0,6.3,0.0,-0.15,1.19,2.54,1.66
QQQ,QQQ_15,2025-12-27,2026-01-02,6,622.4,612.61,612.61,622.4,0.0,0.0,0.0,-1.07,-0.87,-0.82,1.53
QQQ,QQQ_16,2026-01-11,2026-01-11,1,623.98,623.98,623.98,623.98,0.0,0.0,0.0,-0.99,,,-0.56
QQQ,QQQ_17,2026-01-14,2026-01-14,1,617.78,617.78,617.78,617.78,0.67,0.67,0.67,0.39,,,-0.23
QQQ,QQQ_18,2026-01-17,2026-01-18,2,620.19,620.19,620.19,620.19,0.0,0.0,0.0,-1.75,-0.42,,-0.58
QQQ,QQQ_19,2026-01-25,2026-01-25,1,618.76,618.76,618.76,618.76,0.0,0.0,0.0,2.21,,,0.37
QQQ,QQQ_20,2026-01-30,2026-02-01,3,619.38,618.99,618.99,619.38,0.0,0.0,0.0,1.42,-0.68,-1.86,-6.13
QQQ,QQQ_21,2026-02-04,2026-02-05,2,607.49,589.65,589.65,607.49,0.0,0.0,0.0,0.69,3.21,,0.94
QQQ,QQQ_22,2026-02-11,2026-02-14,4,610.93,596.52,596.52,610.93,6.32,0.0,0.0,-2.36,-0.6,0.48,0.86
QQQ,QQQ_23,2026-02-27,2026-02-28,2,604.61,601.49,601.49,604.61,0.0,0.0,0.0,0.34,-0.2,,1.85
QQQ,QQQ_24,2026-03-06,2026-03-08,3,600.04,589.91,589.91,600.04,0.0,0.0,0.0,0.86,1.84,2.5,-1.48
QQQ,QQQ_25,2026-03-12,2026-03-15,4,596.23,588.62,588.62,596.23,0.0,0.0,0.0,-1.28,1.13,2.51,-0.53
QQQ,QQQ_26,2026-03-21,2026-03-22,2,583.4,583.4,583.4,583.4,0.0,0.0,0.0,0.8,0.62,,-2.02
QQQ,QQQ_27,2026-03-25,2026-03-28,4,587.0,560.8,560.48,587.0,7.14,2.01,0.0,-4.46,-2.59,-0.39,4.03
QQQ,QQQ_28,2026-04-04,2026-04-04,1,579.96,579.96,579.96,579.96,0.0,0.0,0.0,4.0,,,4.36
QQQ,QQQ_29,2026-04-28,2026-04-29,2,658.93,657.98,657.98,658.93,0.0,0.0,0.0,2.37,1.96,,0.91
QQQ,QQQ_30,2026-05-16,2026-05-16,1,705.6,705.6,705.6,705.6,0.0,0.0,0.0,-0.41,,,-0.21
QQQ,QQQ_31,2026-05-19,2026-05-19,1,702.73,702.73,702.73,702.73,0.0,0.0,0.0,1.64,,,1.93
QQQ,QQQ_32,2026-06-04,2026-06-05,2,735.49,701.72,701.72,735.49,0.0,0.0,0.0,-4.25,1.93,,0.03
QQQ,QQQ_33,2026-06-10,2026-06-10,1,688.94,688.94,688.94,688.94,0.0,0.0,0.0,4.81,,,1.59
QQQ,QQQ_34,2026-06-17,2026-06-17,1,728.85,728.85,728.85,728.85,0.0,0.0,0.0,1.46,,,-1.03
QQQ,QQQ_35,2026-06-21,2026-06-21,1,732.2,732.2,732.2,732.2,2.81,2.81,2.81,-1.0,,,-2.4
QQQ,QQQ_36,2026-06-26,2026-06-27,2,706.52,706.61,706.52,706.61,0.0,0.78,0.0,0.01,0.0,,0.0
GLD,GLD_1,2025-09-18,2025-09-18,1,335.84,335.84,335.84,335.84,0.0,0.0,0.0,2.97,,,2.51
GLD,GLD_2,2025-10-18,2025-10-18,1,392.83,392.83,392.83,392.83,0.0,0.0,0.0,-4.8,,,-5.63
GLD,GLD_3,2025-10-22,2025-10-22,1,373.98,373.98,373.98,373.98,0.0,0.0,0.0,1.39,,,-3.26
GLD,GLD_4,2025-10-25,2025-10-29,4,379.16,363.56,363.56,379.16,0.0,0.0,0.0,-4.11,0.0,0.35,-0.1
GLD,GLD_5,2025-11-01,2025-11-01,1,366.26,366.26,366.26,366.26,0.0,0.0,0.0,1.48,,,0.98
GLD,GLD_6,2025-11-10,2025-11-10,1,369.44,369.44,369.44,369.44,0.0,0.0,0.0,3.94,,,-4.31
GLD,GLD_7,2025-11-15,2025-11-15,1,372.61,372.61,372.61,372.61,0.0,0.0,0.0,1.98,,,2.21
GLD,GLD_8,2025-11-22,2025-11-22,1,372.26,372.26,372.26,372.26,0.0,0.0,0.0,2.86,,,-2.26
GLD,GLD_9,2025-12-02,2025-12-03,2,386.88,386.87,386.87,386.88,3.04,0.0,0.0,1.58,1.58,,-0.4
GLD,GLD_10,2025-12-07,2025-12-08,2,386.02,386.27,386.02,386.27,0.0,3.46,0.0,0.84,1.65,,2.19
GLD,GLD_11,2025-12-14,2025-12-14,1,394.15,394.15,394.15,394.15,0.0,0.0,0.0,1.23,,,0.64
GLD,GLD_12,2025-12-25,2025-12-25,1,411.86,411.86,411.86,411.86,0.0,0.0,0.0,1.5,,,-4.7
GLD,GLD_13,2025-12-28,2026-01-01,5,418.05,396.1,396.1,418.05,0.0,0.0,0.0,-5.09,-0.82,-0.11,2.51
GLD,GLD_14,2026-01-04,2026-01-04,1,396.46,396.46,396.46,396.46,0.0,0.0,0.0,3.36,,,0.81
GLD,GLD_15,2026-01-11,2026-01-11,1,411.97,411.97,411.97,411.97,0.0,0.0,0.0,2.87,,,0.61
GLD,GLD_16,2026-01-17,2026-01-17,1,418.3,418.3,418.3,418.3,0.0,0.0,0.0,4.74,,,3.5
GLD,GLD_17,2026-01-25,2026-01-25,1,452.53,452.53,452.53,452.53,8.36,8.36,8.36,12.92,,,7.39
GLD,GLD_18,2026-01-30,2026-02-02,4,448.66,429.94,429.94,448.66,0.0,0.0,0.0,-4.17,1.76,3.38,0.22
GLD,GLD_19,2026-02-12,2026-02-12,1,450.27,450.27,450.27,450.27,5.29,5.29,5.29,2.33,,,-2.66
GLD,GLD_20,2026-02-15,2026-02-17,3,460.74,448.86,448.86,460.74,0.0,0.0,0.0,-0.8,1.74,4.36,3.51
GLD,GLD_21,2026-03-03,2026-03-04,2,471.23,472.92,471.23,472.92,0.0,8.18,0.0,0.67,0.59,,0.63
GLD,GLD_22,2026-03-12,2026-03-14,3,467.21,459.22,459.22,467.21,0.0,0.0,0.0,-1.18,-0.35,-0.06,-3.9
GLD,GLD_23,2026-03-17,2026-03-23,7,458.95,404.19,404.19,458.95,0.0,0.0,0.0,-9.95,-6.86,-4.2,-0.02
GLD,GLD_24,2026-03-30,2026-03-30,1,415.01,415.01,415.01,415.01,0.0,0.0,0.0,3.67,,,0.28
GLD,GLD_25,2026-04-05,2026-04-05,1,426.99,426.99,426.99,426.99,0.0,0.0,0.0,1.47,,,2.08
GLD,GLD_26,2026-04-12,2026-04-12,1,431.17,431.17,431.17,431.17,5.97,5.97,5.97,2.05,,,0.84
GLD,GLD_27,2026-04-16,2026-04-16,1,439.69,439.69,439.69,439.69,0.0,0.0,0.0,0.63,,,-0.4
GLD,GLD_28,2026-04-21,2026-04-21,1,433.51,433.51,433.51,433.51,0.0,0.0,0.0,-0.4,,,-1.02
GLD,GLD_29,2026-04-26,2026-04-29,4,431.5,416.96,416.96,431.5,0.0,0.0,0.0,-3.37,-1.31,0.19,-0.28
GLD,GLD_30,2026-05-02,2026-05-02,1,423.04,423.04,423.04,423.04,0.0,0.0,0.0,-1.17,,,1.49
GLD,GLD_31,2026-05-10,2026-05-10,1,430.9,430.9,430.9,430.9,0.0,0.0,0.0,0.14,,,-1.76
GLD,GLD_32,2026-05-15,2026-05-16,2,416.72,416.72,416.72,416.72,0.0,0.0,0.0,0.9,-1.16,,-0.13
GLD,GLD_33,2026-05-22,2026-05-23,2,413.45,413.45,413.45,413.45,0.0,0.0,0.0,0.64,0.22,,-2.36
GLD,GLD_34,2026-05-26,2026-05-27,2,414.37,408.31,408.31,414.37,0.0,0.0,0.0,0.66,1.41,,0.4
GLD,GLD_35,2026-05-31,2026-06-01,2,414.06,411.04,411.04,414.06,0.0,0.0,0.0,-1.49,-0.16,,-3.93
GLD,GLD_36,2026-06-06,2026-06-06,1,397.33,397.33,397.33,397.33,6.7,6.7,6.7,-1.67,,,-5.57
GLD,GLD_37,2026-06-10,2026-06-10,1,372.26,372.26,372.26,372.26,0.0,0.0,0.0,5.07,,,2.57
GLD,GLD_38,2026-06-18,2026-06-21,4,383.9,381.09,381.09,383.9,0.0,0.0,0.0,-0.73,0.63,-1.04,-3.87
GLD,GLD_39,2026-06-24,2026-06-24,1,368.22,368.22,368.22,368.22,0.0,0.0,0.0,1.75,,,1.44
NVDA,NVDA_1,2025-08-14,2025-08-16,3,180.96,180.08,180.08,180.96,0.0,0.0,0.0,0.56,-2.44,-2.44,-1.19
NVDA,NVDA_2,2025-08-20,2025-08-20,1,175.68,175.68,175.68,175.68,0.0,0.0,0.0,0.91,,,0.11
NVDA,NVDA_3,2025-08-30,2025-09-03,3,174.67,169.3,169.12,174.67,0.0,3.14,0.0,-1.86,-1.44,-1.55,-0.88
NVDA,NVDA_4,2025-09-06,2025-09-06,1,166.68,166.68,166.68,166.68,0.0,0.0,0.0,6.29,,,4.2
NVDA,NVDA_5,2025-09-15,2025-09-17,3,177.43,171.42,171.42,177.43,0.0,0.0,0.0,-0.89,0.48,2.85,4.26
NVDA,NVDA_6,2025-09-24,2025-09-24,1,176.94,176.94,176.94,176.94,0.0,0.0,0.0,0.58,,,2.36
NVDA,NVDA_7,2025-10-04,2025-10-07,3,187.13,185.46,185.46,187.13,0.0,0.0,0.0,1.21,3.61,-1.83,-3.87
NVDA,NVDA_8,2025-10-11,2025-10-11,1,182.07,182.07,182.07,182.07,0.0,0.0,0.0,-0.56,,,-3.84
NVDA,NVDA_9,2025-10-15,2025-10-16,2,181.05,180.66,180.66,181.05,0.0,0.0,0.0,1.59,1.59,,-1.22
NVDA,NVDA_10,2025-10-20,2025-10-22,3,183.54,180.75,180.75,183.54,0.0,0.0,0.0,-0.34,1.96,2.49,5.12
NVDA,NVDA_11,2025-10-31,2025-11-01,2,203.61,203.61,203.61,203.61,0.0,0.0,0.0,-4.21,-1.72,,-8.3
NVDA,NVDA_12,2025-11-09,2025-11-09,1,194.56,194.56,194.56,194.56,0.0,0.0,0.0,-1.15,,,-4.18
NVDA,NVDA_13,2025-11-12,2025-11-13,2,192.32,186.84,186.84,192.32,0.0,0.0,0.0,-6.18,-3.43,,-0.83
NVDA,NVDA_14,2025-11-15,2025-11-16,2,180.44,180.44,180.44,180.44,9.49,0.0,0.0,-2.54,8.59,,-2.77
NVDA,NVDA_15,2025-11-21,2025-11-22,2,179.63,179.49,179.49,179.63,0.0,0.0,0.0,-0.13,-1.57,,0.2
NVDA,NVDA_16,2025-11-25,2025-11-25,1,176.67,176.67,176.67,176.67,0.0,0.0,0.0,0.31,,,-1.26
NVDA,NVDA_17,2025-12-06,2025-12-06,1,181.76,181.76,181.76,181.76,1.2,1.2,1.2,1.27,,,-0.1
NVDA,NVDA_18,2025-12-10,2025-12-12,3,181.56,174.43,174.43,181.56,0.0,0.0,0.0,-2.96,-2.61,0.86,0.49
NVDA,NVDA_19,2025-12-25,2025-12-25,1,187.41,187.41,187.41,187.41,0.0,0.0,0.0,1.85,,,-1.76
NVDA,NVDA_20,2025-12-30,2026-01-01,3,187.03,185.99,185.99,187.03,0.0,0.0,0.0,0.81,0.85,0.73,-0.41
NVDA,NVDA_21,2026-01-04,2026-01-04,1,187.34,187.34,187.34,187.34,0.0,0.0,0.0,0.82,,,-1.53
NVDA,NVDA_22,2026-01-09,2026-01-10,2,184.83,182.58,182.58,184.83,0.0,0.0,0.0,-0.01,1.64,,-0.64
NVDA,NVDA_23,2026-01-17,2026-01-18,2,185.29,184.57,184.57,185.29,0.0,0.0,0.0,-3.0,-0.54,,-0.45
NVDA,NVDA_24,2026-01-20,2026-01-20,1,179.73,179.73,179.73,179.73,5.68,5.68,5.68,4.04,,,2.32
NVDA,NVDA_25,2026-01-26,2026-01-26,1,186.05,186.05,186.05,186.05,0.0,0.0,0.0,2.13,,,0.64
NVDA,NVDA_26,2026-01-30,2026-01-31,2,189.91,184.84,184.84,189.91,0.0,0.0,0.0,-1.5,-2.94,,-4.79
NVDA,NVDA_27,2026-02-03,2026-02-05,3,179.41,170.79,170.79,179.41,1.67,0.0,0.0,3.34,4.52,9.5,2.57
NVDA,NVDA_28,2026-02-13,2026-02-13,1,182.43,182.43,182.43,182.43,0.0,0.0,0.0,-0.67,,,1.28
NVDA,NVDA_29,2026-02-16,2026-02-16,1,181.21,181.21,181.21,181.21,0.0,0.0,0.0,3.21,,,2.13
NVDA,NVDA_30,2026-02-27,2026-02-27,1,177.96,177.96,177.96,177.96,0.0,0.0,0.0,1.87,,,-0.25
NVDA,NVDA_31,2026-03-06,2026-03-08,3,177.82,174.84,174.84,177.82,0.0,0.0,0.0,2.18,4.8,5.46,0.92
NVDA,NVDA_32,2026-03-13,2026-03-14,2,179.65,177.73,177.73,179.65,0.0,0.0,0.0,1.35,2.67,,-1.93
NVDA,NVDA_33,2026-03-19,2026-03-21,3,178.84,173.91,173.91,178.84,0.0,0.0,0.0,-2.61,0.57,1.58,2.46
NVDA,NVDA_34,2026-03-27,2026-03-28,2,167.19,167.6,167.19,167.6,0.0,7.54,0.0,-2.34,4.25,,6.23
NVDA,NVDA_35,2026-03-30,2026-03-30,1,163.28,163.28,163.28,163.28,0.0,0.0,0.0,8.57,,,1.04
NVDA,NVDA_36,2026-04-04,2026-04-05,2,176.48,175.56,175.56,176.48,0.0,0.0,0.0,3.31,3.33,,3.68
NVDA,NVDA_37,2026-04-19,2026-04-19,1,197.7,197.7,197.7,197.7,0.0,0.0,0.0,2.16,,,-1.15
NVDA,NVDA_38,2026-04-29,2026-05-01,3,210.3,198.01,198.01,210.3,0.0,0.0,0.0,-5.29,-0.08,-0.05,-1.29
NVDA,NVDA_39,2026-05-05,2026-05-05,1,196.61,196.61,196.61,196.61,0.0,0.0,0.0,9.59,,,4.35
NVDA,NVDA_40,2026-05-16,2026-05-16,1,221.6,221.6,221.6,221.6,0.0,0.0,0.0,0.21,,,-2.68
NVDA,NVDA_41,2026-05-19,2026-05-22,4,222.07,214.32,214.32,222.07,0.0,0.0,0.0,-3.49,-0.34,-0.67,-2.58
NVDA,NVDA_42,2026-05-27,2026-05-27,1,211.81,211.81,211.81,211.81,0.0,0.0,0.0,2.29,,,0.96
NVDA,NVDA_43,2026-06-03,2026-06-03,1,213.2,213.2,213.2,213.2,0.0,0.0,0.0,-3.51,,,-4.16
NVDA,NVDA_44,2026-06-06,2026-06-06,1,205.71,205.71,205.71,205.71,9.5,9.5,9.5,0.21,,,-3.75
NVDA,NVDA_45,2026-06-10,2026-06-10,1,199.83,199.83,199.83,199.83,0.0,0.0,0.0,2.73,,,1.12
NVDA,NVDA_46,2026-06-13,2026-06-13,1,205.29,205.29,205.29,205.29,0.0,0.0,0.0,1.08,,,-1.22
NVDA,NVDA_47,2026-06-17,2026-06-17,1,205.58,205.58,205.58,205.58,0.0,0.0,0.0,1.66,,,-1.14
NVDA,NVDA_48,2026-06-20,2026-06-26,7,208.99,192.86,192.86,208.99,0.88,0.0,0.0,-4.06,-3.44,-6.37,0.0
